package_id,title,price,duration,keyword
1,Progressive system-worthy encryption,203.95,10,1
2,Automated analyzing support,264.03,12,1
3,Re-contextualized holistic workforce,402.75,2,2
4,Seamless actuating approach,334.69,12,2
5,Business-focused radical process improvement,215.98,6,1
6,Synchronized foreground instruction set,135.69,10,2
7,Managed foreground product,62.19,4,1
8,Sharable methodical alliance,77.61,14,1
9,Adaptive background portal,369.18,6,1
10,User-friendly maximized extranet,288.89,11,3
11,De-engineered tangible projection,50.96,9,1
12,Ergonomic 24/7 array,80.62,10,3
13,Realigned eco-centric pricing structure,480,8,1
14,Reactive intangible moderator,113.08,8,1
15,Profound bi-directional initiative,376.74,14,3
16,Front-line 5thgeneration adapter,94.04,9,3
17,Sharable disintermediate task-force,304.08,13,3
18,Focused directional Graphical User Interface,173.92,10,1
19,Digitized foreground database,360.43,10,1
20,Proactive grid-enabled workforce,484.7,7,3
21,Secured demand-driven database,59.2,4,3
22,Public-key solution-oriented algorithm,211.33,8,2
23,Multi-tiered dynamic standardization,253.5,14,2
24,Function-based discrete instruction set,245.91,5,3
25,Multi-tiered disintermediate focus group,380.84,2,2
26,Networked solution-oriented artificial intelligence,161.17,3,3
27,Multi-channeled fresh-thinking neural-net,333.48,1,3
28,Virtual methodical productivity,457.85,9,3
29,Compatible human-resource definition,130.49,1,2
30,Stand-alone national protocol,111.75,4,3
31,Streamlined secondary infrastructure,103.57,7,2
32,Configurable static instruction set,350.46,5,3
33,Future-proofed real-time hub,413.12,10,2
34,Horizontal multimedia secured line,136.07,7,1
35,Diverse client-driven capacity,63.01,3,2
36,Multi-layered human-resource secured line,354.19,14,3
37,Ameliorated heuristic open architecture,352.1,5,2
38,Function-based intangible help-desk,277.68,5,3
39,Triple-buffered optimizing core,370.78,12,3
40,Synchronized modular emulation,319.59,3,2
41,Programmable eco-centric utilization,203.48,14,1
42,Progressive high-level methodology,370.91,11,2
43,Configurable didactic info-mediaries,373.55,5,2
44,Quality-focused mobile website,353.1,10,1
45,Intuitive 5thgeneration process improvement,212.56,1,1
46,Multi-layered discrete moratorium,218.26,14,3
47,Diverse asymmetric customer loyalty,389.71,14,3
48,Distributed tertiary hardware,77.24,4,1
49,Visionary client-server portal,379.15,13,2
50,Object-based heuristic artificial intelligence,463.36,14,3
51,Decentralized motivating extranet,352.84,7,1
52,Re-contextualized user-facing encoding,441.55,8,3
53,Total asymmetric archive,356.32,3,1
54,Universal didactic instruction set,99.86,6,1
55,Optimized national firmware,442.2,10,2
56,Reverse-engineered 3rdgeneration parallelism,288.24,7,3
57,Face-to-face tangible support,418.46,4,1
58,Digitized object-oriented forecast,221.16,10,3
59,Versatile 3rdgeneration matrices,346.95,11,2
60,Decentralized static knowledge user,84.79,2,1
61,Decentralized fresh-thinking throughput,61.77,3,1
62,Open-architected local synergy,229.82,2,3
63,De-engineered uniform support,384.56,3,3
64,Reduced context-sensitive budgetary management,278.51,4,2
65,Organic stable monitoring,267.88,3,1
66,Organic heuristic task-force,471.48,7,2
67,Programmable modular middleware,114.46,11,1
68,Re-engineered directional emulation,157.1,7,1
69,Quality-focused full-range hub,124.62,2,3
70,Persistent national architecture,131.31,13,2
71,User-centric encompassing implementation,488.08,13,1
72,Extended 4thgeneration neural-net,445.3,11,3
73,User-friendly incremental framework,291.25,9,3
74,Programmable dedicated moratorium,480.26,6,1
75,Devolved discrete matrix,470.82,11,2
76,Managed coherent data-warehouse,498.29,3,2
77,Optimized background toolset,483.77,12,2
78,Robust solution-oriented software,471.16,1,1
79,Optimized regional challenge,208.18,6,3
80,Vision-oriented explicit groupware,384.95,9,3
81,Profound asynchronous analyzer,450.75,5,2
82,Focused cohesive array,335.36,7,1
83,Public-key regional monitoring,449.1,1,2
84,Self-enabling clear-thinking leverage,360.31,12,3
85,Reactive non-volatile focus group,197.93,6,3
86,User-friendly multi-state workforce,421.17,5,3
87,Open-architected holistic emulation,422.34,12,2
88,Cloned analyzing adapter,382.44,2,1
89,Cloned zero tolerance productivity,439.8,13,3
90,Quality-focused zero tolerance structure,268.97,9,2
91,Profound encompassing time-frame,101.4,12,2
92,Exclusive stable task-force,208.98,8,1
93,Front-line static function,227.92,12,1
94,Up-sized homogeneous architecture,287.48,3,1
95,Synergistic real-time instruction set,174.49,7,2
96,Integrated object-oriented hierarchy,272.54,4,1
97,Switchable intangible structure,71.69,6,3
98,De-engineered neutral intranet,179.72,8,3
99,Upgradable value-added monitoring,151.92,1,3
100,Intuitive upward-trending ability,108.51,13,3
101,Monitored dynamic interface,384.9,3,1
102,Progressive multi-tasking budgetary management,62.83,1,2
103,Adaptive mission-critical frame,182.95,4,3
104,Future-proofed system-worthy throughput,351.09,11,1
105,Reverse-engineered clear-thinking firmware,96.75,2,2
106,Focused static Internet solution,296.99,8,3
107,Configurable content-based matrices,311.28,14,2
108,Monitored impactful leverage,322.5,3,3
109,Optimized real-time secured line,154.37,6,1
110,Synergized clear-thinking hardware,194.14,2,1
111,Front-line regional workforce,207.48,10,3
112,Synergized systemic middleware,193.5,12,3
113,Synergized background implementation,256.97,5,3
114,Innovative executive analyzer,358.26,4,2
115,Innovative analyzing support,268.52,12,2
116,Progressive client-server productivity,389.55,14,2
117,Multi-tiered hybrid task-force,349.54,10,2
118,Programmable 6thgeneration initiative,117.11,13,2
119,Universal context-sensitive help-desk,295.81,1,2
120,User-centric fresh-thinking architecture,257.75,12,3
121,Cross-group even-keeled parallelism,398.64,6,3
122,Proactive regional budgetary management,359.08,10,2
123,Front-line 24/7 projection,481.01,3,3
124,Enterprise-wide transitional help-desk,133.18,9,2
125,Streamlined discrete encryption,499.73,9,1
126,Up-sized 24hour open architecture,259.68,8,1
127,Customer-focused background capacity,376.26,2,1
128,Customizable incremental access,361.43,5,3
129,Total local analyzer,149.47,4,3
130,Sharable web-enabled leverage,189.53,6,3
131,Persistent eco-centric matrices,311.94,12,2
132,Automated composite superstructure,153.39,7,3
133,Implemented zero-defect capacity,344,1,2
134,Public-key 3rdgeneration data-warehouse,297.94,8,3
135,Business-focused reciprocal conglomeration,215.66,1,2
136,Profit-focused non-volatile Graphic Interface,319.59,5,1
137,Sharable intangible Graphic Interface,249.73,4,3
138,Multi-lateral object-oriented benchmark,424.85,11,1
139,Open-source grid-enabled methodology,114.42,5,3
140,Exclusive solution-oriented collaboration,156.2,3,1
141,Integrated radical circuit,69.93,4,1
142,Multi-lateral solution-oriented database,97.92,5,2
143,Customer-focused attitude-oriented moderator,293.19,8,1
144,Visionary discrete interface,164.77,8,3
145,Assimilated scalable solution,344.3,1,2
146,Optional upward-trending open system,187.34,4,3
147,Persistent encompassing forecast,351.02,7,3
148,User-centric upward-trending capacity,305.46,3,2
149,Multi-lateral high-level toolset,177.39,3,2
150,Polarized human-resource conglomeration,136.68,5,3
151,Future-proofed context-sensitive Internet solution,145.49,6,3
152,Assimilated reciprocal help-desk,106.94,5,3
153,Face-to-face exuding intranet,367,7,3
154,Organized context-sensitive contingency,361.2,13,2
155,Synergized leadingedge support,461.67,5,1
156,Devolved reciprocal synergy,275.75,7,1
157,Fundamental foreground toolset,90.15,2,2
158,Devolved asymmetric orchestration,279.41,6,2
159,Advanced 24hour focus group,277.99,14,1
160,Focused attitude-oriented emulation,239.75,5,2
161,Implemented bifurcated frame,211.91,5,1
162,Integrated user-facing policy,436.58,14,2
163,Down-sized scalable collaboration,136.66,8,3
164,Synergistic web-enabled matrices,473.25,5,1
165,Focused non-volatile instruction set,341.21,2,3
166,Focused systematic Graphical User Interface,242.77,4,2
167,Adaptive systematic instruction set,292.82,9,1
168,Triple-buffered actuating process improvement,213.66,13,3
169,Horizontal optimal protocol,376.73,3,1
170,Profound full-range collaboration,166.77,7,1
171,Reverse-engineered multimedia model,353.18,9,2
172,Optimized 6thgeneration challenge,125.9,5,2
173,Realigned attitude-oriented implementation,328.61,7,3
174,Operative clear-thinking flexibility,114.47,10,2
175,Organized optimal projection,442.9,14,2
176,Object-based user-facing hardware,66.67,8,2
177,Advanced holistic frame,352.48,13,2
178,Exclusive didactic capability,101.08,9,2
179,User-centric composite functionalities,418.1,4,2
180,Team-oriented context-sensitive capability,449.16,11,2
181,Total homogeneous adapter,405.74,5,3
182,Optional methodical challenge,231.24,10,1
183,Multi-layered next generation collaboration,357.06,13,2
184,Optimized national methodology,332.37,4,3
185,Business-focused object-oriented instruction set,162,12,1
186,Realigned methodical secured line,274.5,10,3
187,Secured holistic function,150.36,11,1
188,Quality-focused object-oriented implementation,430.8,12,2
189,Customer-focused human-resource knowledgebase,254.49,4,3
190,Profit-focused bottom-line challenge,290.15,7,3
191,Streamlined non-volatile ability,150.48,5,2
192,Persistent zero administration task-force,498.32,7,1
193,Organized contextually-based conglomeration,375.19,9,3
194,Programmable full-range project,259.33,14,3
195,Secured user-facing service-desk,193.7,12,1
196,Extended directional task-force,227.36,12,3
197,Centralized well-modulated forecast,346.56,14,2
198,Adaptive transitional benchmark,395.3,9,2
199,Reactive uniform open architecture,299.19,7,3
200,Synchronized optimal framework,173.56,9,3
201,Pre-emptive scalable throughput,404.81,5,2
202,Persevering intangible complexity,188.82,2,2
203,Organized web-enabled product,476.78,6,1
204,Adaptive eco-centric orchestration,148.81,7,2
205,Networked global benchmark,483.88,7,1
206,Horizontal leadingedge data-warehouse,65.3,2,1
207,User-friendly intangible Graphic Interface,77.24,1,2
208,Persistent asynchronous analyzer,250.12,11,1
209,Right-sized client-server challenge,118.86,12,3
210,Quality-focused human-resource alliance,76.52,5,3
211,Polarized neutral knowledgebase,325.38,12,2
212,Versatile methodical moratorium,292.13,8,1
213,Vision-oriented incremental info-mediaries,415.9,3,1
214,Assimilated web-enabled solution,429.74,12,2
215,Persevering bifurcated paradigm,276.63,7,3
216,Total 4thgeneration budgetary management,416.03,13,3
217,Enterprise-wide heuristic process improvement,333.18,8,2
218,Quality-focused fresh-thinking service-desk,225.65,9,3
219,Ergonomic asymmetric open system,274.1,7,2
220,Customizable radical Local Area Network,165.35,3,2
221,Streamlined motivating moderator,105.55,10,1
222,Profit-focused human-resource methodology,187.46,14,3
223,Front-line system-worthy parallelism,127.92,14,2
224,User-friendly well-modulated complexity,208.63,2,2
225,Advanced neutral frame,438.95,12,3
226,Balanced context-sensitive migration,413.69,6,3
227,Devolved uniform encoding,357.58,11,3
228,Assimilated hybrid Graphic Interface,264.78,2,1
229,Networked needs-based forecast,286.38,2,1
230,Centralized next generation core,484.71,4,3
231,Public-key modular methodology,395.02,11,2
232,Right-sized disintermediate throughput,50.32,1,3
233,User-centric dynamic architecture,178.88,12,2
234,Synergistic empowering benchmark,463.03,6,1
235,Organic fresh-thinking moderator,327.42,4,2
236,Integrated 6thgeneration service-desk,184.33,10,2
237,Sharable local moratorium,307.13,11,3
238,Stand-alone real-time instruction set,468.55,3,2
239,Future-proofed logistical encoding,75.12,4,1
240,Multi-tiered hybrid function,109.43,10,3
241,Customer-focused executive throughput,300.14,2,2
242,Ameliorated secondary access,259.53,6,3
243,Organic zero-defect infrastructure,158.33,10,2
244,Fundamental empowering structure,294.47,10,2
245,Public-key value-added pricing structure,193.17,10,1
246,Re-engineered value-added knowledgebase,196.23,12,1
247,Reduced grid-enabled flexibility,344.93,10,2
248,Optimized 3rdgeneration architecture,474.45,8,3
249,Fully-configurable 5thgeneration benchmark,379.45,1,1
250,User-friendly methodical initiative,206.49,11,3
251,Public-key intermediate capability,421.62,3,1
252,Expanded real-time artificial intelligence,132.82,3,2
253,Right-sized high-level throughput,450.92,13,1
254,Function-based cohesive time-frame,76.35,1,3
255,Object-based bi-directional synergy,74.17,13,3
256,Enhanced maximized encoding,300.05,10,2
257,Intuitive contextually-based array,254.95,7,3
258,Vision-oriented client-driven project,78.85,6,2
259,Optional 24hour groupware,368.21,9,3
260,Grass-roots optimizing function,165.79,9,1
261,Cloned content-based function,217.11,1,2
262,Public-key national approach,260.63,7,3
263,Compatible background projection,61.65,4,2
264,Right-sized radical moratorium,70.76,7,1
265,Fully-configurable systematic conglomeration,341.96,4,1
266,Realigned bottom-line synergy,408.68,10,1
267,Compatible national instruction set,107.02,11,1
268,Versatile zero tolerance standardization,218.78,6,3
269,Focused maximized ability,316.3,8,1
270,Vision-oriented scalable structure,75.19,3,3
271,Horizontal coherent database,237.02,3,2
272,Pre-emptive cohesive parallelism,124.47,10,1
273,Balanced modular benchmark,222.93,3,1
274,Customizable multi-state utilization,291.88,7,1
275,Advanced background collaboration,183.02,7,1
276,Up-sized impactful project,124.98,4,2
277,Assimilated bottom-line moderator,152.59,7,2
278,Universal even-keeled circuit,136.02,12,2
279,Integrated explicit capacity,79.44,12,2
280,Assimilated attitude-oriented Internet solution,247.55,7,2
281,Enhanced dynamic leverage,333.02,11,2
282,Configurable impactful framework,61.26,1,2
283,Mandatory interactive implementation,134.66,12,3
284,Focused clear-thinking moderator,195.45,11,2
285,Expanded 6thgeneration core,254.03,11,1
286,Future-proofed encompassing knowledgebase,60.93,3,1
287,Streamlined regional knowledgebase,225.93,1,2
288,Fundamental bandwidth-monitored hardware,353.54,14,1
289,Programmable zero tolerance synergy,229.98,8,3
290,Open-source bottom-line alliance,118.06,1,2
291,Upgradable incremental installation,257.99,1,1
292,Visionary fresh-thinking capability,449.03,8,3
293,Progressive zero administration moratorium,232.31,1,3
294,Intuitive context-sensitive customer loyalty,199.45,1,2
295,Future-proofed client-driven product,132.92,13,1
296,Compatible multi-tasking website,192.89,4,1
297,Virtual heuristic service-desk,447.29,10,2
298,Automated human-resource function,140.13,10,2
299,Persistent well-modulated encryption,64.87,7,1
300,Enhanced 6thgeneration encryption,111.24,1,3
301,Down-sized fault-tolerant middleware,83.28,13,2
302,Public-key uniform moratorium,247.47,1,2
303,Customizable actuating productivity,493.7,2,2
304,User-friendly mobile methodology,273.7,1,1
305,Focused dynamic process improvement,60.98,3,2
306,Seamless tangible hierarchy,101.14,4,3
307,Innovative systemic flexibility,467.45,11,3
308,Inverse demand-driven definition,95.88,6,3
309,Horizontal uniform policy,240.86,11,3
310,Future-proofed user-facing system engine,111.84,8,2
311,Reduced logistical function,437.77,6,3
312,Assimilated mobile analyzer,336.66,11,2
313,Organized interactive toolset,270.93,9,3
314,Profound neutral customer loyalty,480.94,7,1
315,De-engineered dynamic time-frame,315.4,5,1
316,Managed value-added process improvement,341.99,6,3
317,Versatile systemic moratorium,97.25,11,1
318,Multi-layered bi-directional infrastructure,320.77,12,3
319,Pre-emptive content-based application,485.77,13,1
320,Persistent object-oriented superstructure,133.82,6,1
321,Multi-channeled zero tolerance archive,57.27,14,2
322,Front-line composite Internet solution,116.59,4,1
323,Up-sized intangible hardware,259.43,5,3
324,Seamless 4thgeneration alliance,52.8,2,3
325,Public-key 24/7 utilization,366.03,3,2
326,Streamlined object-oriented customer loyalty,375.25,1,3
327,Visionary leadingedge customer loyalty,217.6,2,1
328,Centralized demand-driven benchmark,133.66,6,3
329,Multi-lateral object-oriented moratorium,257.56,1,3
330,Vision-oriented tangible orchestration,410.37,7,2
331,Multi-lateral clear-thinking alliance,110.58,9,2
332,Fully-configurable empowering approach,236.25,2,2
333,Open-architected eco-centric alliance,433.28,10,3
334,Integrated coherent installation,384.93,12,3
335,Mandatory asymmetric access,363.8,5,1
336,Enhanced uniform process improvement,154.16,11,3
337,Progressive asynchronous budgetary management,437.33,13,1
338,Business-focused asymmetric matrix,408.24,8,3
339,Up-sized grid-enabled portal,269.17,8,2
340,Multi-lateral reciprocal firmware,473.56,9,1
341,Focused real-time moratorium,364.53,11,3
342,Public-key exuding data-warehouse,193.81,13,3
343,Robust background paradigm,377.87,12,1
344,Multi-tiered analyzing ability,146.04,1,2
345,Versatile high-level time-frame,314.09,11,3
346,Reactive neutral pricing structure,160.67,5,1
347,Persevering heuristic framework,446.39,3,3
348,Multi-channeled methodical collaboration,227.94,1,2
349,Managed upward-trending contingency,498.19,5,2
350,Automated directional toolset,76.4,3,1
351,Profit-focused high-level support,63.06,14,2
352,Automated object-oriented Graphic Interface,219.63,10,3
353,Multi-channeled motivating architecture,261.36,11,2
354,Robust disintermediate orchestration,348.03,11,3
355,Compatible 24hour monitoring,300.89,13,3
356,Profound optimizing policy,344.68,11,1
357,Grass-roots bandwidth-monitored neural-net,306.56,7,2
358,Operative incremental contingency,151.66,7,2
359,Realigned coherent concept,246.19,10,1
360,Triple-buffered asymmetric functionalities,479.57,9,2
361,Expanded mission-critical service-desk,281.28,12,3
362,Cross-group national secured line,103.32,14,2
363,Optimized 6thgeneration standardization,238.2,13,1
364,Robust zero-defect extranet,414.04,9,1
365,Programmable tertiary encoding,259.26,5,1
366,Public-key mission-critical project,132.76,11,1
367,Re-contextualized attitude-oriented protocol,436.21,5,1
368,Enhanced high-level initiative,243.23,4,2
369,Open-architected system-worthy benchmark,103.14,12,3
370,Synchronized fresh-thinking leverage,196.47,5,2
371,Configurable grid-enabled throughput,81.87,6,3
372,Public-key even-keeled contingency,485.63,12,3
373,Grass-roots 3rdgeneration framework,222.05,11,1
374,Synergized foreground process improvement,222.1,3,3
375,Ameliorated multi-tasking neural-net,267.8,11,2
376,Public-key optimal framework,355.84,4,2
377,Switchable client-driven middleware,435.38,12,3
378,Customer-focused grid-enabled utilization,275.15,4,1
379,Intuitive empowering structure,319.63,8,3
380,Re-engineered fresh-thinking strategy,110.06,6,1
381,User-centric uniform hub,434.42,7,2
382,Operative grid-enabled solution,424.97,1,3
383,Ergonomic executive structure,331.14,9,2
384,Phased executive workforce,399.61,2,1
385,Realigned upward-trending protocol,386.63,14,2
386,Enhanced solution-oriented success,95.53,9,3
387,Extended multi-tasking model,94.94,9,1
388,Profit-focused dynamic algorithm,201.46,8,2
389,Multi-lateral human-resource benchmark,157.1,3,1
390,Front-line incremental open system,335.22,12,2
391,Customer-focused even-keeled open system,228.36,10,3
392,Balanced responsive encryption,52.21,14,1
393,Multi-layered coherent approach,217.1,1,1
394,Face-to-face local workforce,399.65,2,2
395,Open-architected bottom-line neural-net,231.07,3,1
396,Customizable local middleware,68.31,8,3
397,Monitored explicit matrices,173.22,5,1
398,Enhanced dynamic hierarchy,189.3,6,1
399,Inverse reciprocal data-warehouse,73.96,1,2
400,Reactive zero-defect extranet,192.52,14,2
401,User-centric discrete ability,395.19,4,1
402,Adaptive transitional groupware,479.09,3,3
403,Networked coherent middleware,218.24,12,3
404,Seamless disintermediate intranet,329.9,12,2
405,Team-oriented stable system engine,133.4,5,3
406,Persevering dedicated synergy,56.76,12,2
407,Networked object-oriented focus group,391.77,5,3
408,Triple-buffered secondary ability,292.48,14,3
409,Visionary multimedia open system,291.07,3,3
410,Balanced non-volatile neural-net,213.29,8,3
411,User-friendly national open architecture,478.96,10,2
412,Upgradable maximized archive,303.47,5,3
413,Open-source fresh-thinking intranet,153.56,3,3
414,Monitored asynchronous emulation,155.19,14,3
415,Innovative systematic middleware,208.37,6,2
416,Switchable national flexibility,334.07,4,2
417,User-friendly discrete analyzer,436.33,3,1
418,Secured modular array,184.85,6,1
419,Profound multi-tasking success,459.41,1,3
420,Upgradable mobile Local Area Network,458.31,11,3
421,Quality-focused full-range focus group,193.82,9,1
422,Multi-channeled multimedia circuit,396.8,6,3
423,Self-enabling value-added pricing structure,121.72,7,1
424,Balanced empowering policy,487.44,11,1
425,Secured client-server knowledgebase,266.88,3,2
426,Versatile empowering product,146.52,2,1
427,Progressive directional superstructure,142.73,4,1
428,User-friendly interactive infrastructure,457.38,2,3
429,Reactive coherent data-warehouse,260.46,7,2
430,Balanced intangible product,231.75,2,2
431,Integrated attitude-oriented attitude,491.09,6,1
432,Decentralized methodical superstructure,471.19,6,3
433,Quality-focused static intranet,267.48,12,1
434,Organic 24hour capability,343.17,8,2
435,Triple-buffered modular installation,320.44,8,3
436,Visionary optimizing matrix,443.11,14,1
437,Pre-emptive secondary task-force,403.84,11,2
438,Multi-layered optimizing approach,443.05,3,2
439,Ameliorated maximized open system,470.92,4,1
440,Managed modular data-warehouse,399.23,8,1
441,Organic context-sensitive policy,71.71,12,1
442,Profit-focused local attitude,172.91,11,3
443,Optional grid-enabled info-mediaries,223.03,2,3
444,Monitored regional success,188.93,11,2
445,Focused client-driven strategy,125.57,14,3
446,Polarized reciprocal extranet,130.06,10,2
447,Synergized client-server Local Area Network,282.56,4,3
448,Quality-focused asymmetric encryption,463.38,8,3
449,Reduced background secured line,58.89,14,1
450,Digitized interactive functionalities,397.19,5,1
451,Re-engineered multimedia software,178.4,4,2
452,Mandatory empowering contingency,403.34,1,2
453,Quality-focused fresh-thinking paradigm,479.79,5,1
454,Reactive client-server installation,163.48,3,1
455,Down-sized hybrid hierarchy,496.23,8,1
456,Focused multimedia product,304.94,11,2
457,Monitored clear-thinking open architecture,333.34,2,3
458,Cloned solution-oriented emulation,277.09,3,1
459,Enterprise-wide scalable Graphical User Interface,457.95,3,3
460,Cross-group dynamic definition,409.35,8,2
461,Versatile 3rdgeneration interface,265.08,11,1
462,Multi-channeled incremental service-desk,387.07,6,3
463,Exclusive optimal complexity,230.35,2,1
464,Intuitive modular middleware,244.04,2,3
465,Vision-oriented 24/7 benchmark,112.69,11,3
466,Reduced multi-state circuit,135.79,1,3
467,Business-focused context-sensitive ability,194.52,12,1
468,Profit-focused leadingedge open architecture,320.49,4,3
469,Cross-platform systemic application,270.59,10,2
470,Ameliorated homogeneous system engine,131.74,2,2
471,Fully-configurable disintermediate definition,240.65,11,3
472,Multi-channeled fresh-thinking benchmark,127.11,3,1
473,Centralized dynamic middleware,87.23,5,1
474,Digitized intermediate emulation,283.22,12,3
475,Distributed clear-thinking analyzer,210.75,8,1
476,Team-oriented explicit firmware,378.42,8,1
477,Switchable reciprocal conglomeration,448.54,14,3
478,Monitored high-level moderator,101.85,14,1
479,Visionary needs-based access,274.89,11,3
480,Persistent optimal moratorium,166.06,10,3
481,Networked modular matrices,356.93,1,1
482,Advanced multimedia matrices,62.47,14,3
483,Exclusive stable support,70.69,4,2
484,Inverse asynchronous Graphical User Interface,259.89,1,2
485,Progressive discrete utilization,475.6,8,3
486,Visionary uniform projection,420.76,7,2
487,Fully-configurable background knowledge user,88.92,8,2
488,Open-architected multimedia forecast,237.3,12,2
489,Polarized asynchronous monitoring,53.51,7,1
490,Optional analyzing pricing structure,471.77,12,3
491,Open-source secondary alliance,95.34,10,1
492,Virtual real-time application,116.44,11,3
493,Synergistic hybrid structure,76.03,12,2
494,Re-engineered fresh-thinking alliance,206.24,12,2
495,Exclusive foreground array,238.3,7,3
496,Profound executive process improvement,483.04,1,3
497,Enhanced regional protocol,461.81,10,2
498,Team-oriented static open system,144.75,8,3
499,Reverse-engineered empowering encryption,250.64,14,3
500,Future-proofed next generation analyzer,51.83,3,2
